Wine,Liquor,Beers
Duckhorn Merlot Napa Valley Three Palms Vineyard,Hornitos Tequila on Rocks with Lime,Pinot Suave
Meyer Cabernet Sauvignon Napa Valley,Jeppson's Malort Shot,Bud Light
Pahlmeyer Chardonnay Napa Valley,Grey Goose Vodka Rocks,Pabst Blue Ribbon
Bedrock Zinfandel California Old Vine,Crown Royal Apple-Cranberry,Heineken
Sixto Chardonnay Washington Uncovered,Fireball Whiskey Shot,Stella
Turley Zinfandel Paso Robles Ueberroth Vineyard,Cosmo,Pilsner Urquel
Bodega Colomé Malbec Salta,Old Fashioned ,Guinness
Hartford Family Zinfandel Russian River Valley Old Vine,French 75,Ranger IPA
Kendall-Jackson Chardonnay California Vintner's Reserve,Mimosa,Brainless Rasberries
Viña Santa Ema Cabernet Sauvignon Maipo Valley Reserva,Peach Belini,Bud light lime
Forge Riesling Finger Lakes Classique,Jagger Bomb,Prost Pils
Sidebar Sauvignon Blanc High Valley,Liquid Cocaine ,Brooklyn Brown Ale
Jim Barry Riesling Clare Valley The Lodge Hill Dry,Cement Mixer ,Brooklyn Lager
Finca Decero Malbec Agrelo Remolinos Vineyard,Buleit Whiskey Rocks,Alaskan Pale
Matua Sauvignon Blanc Marlborough,Dirty Martini with Belvedere,Brooklyn Pilsner
Colene Clemens Pinot Noir Chehalem Mountains Dopp Creek,Absinthe,Old Style
Kaiken Malbec Mendoza Ultra Las Rocas,Jello Shot,Miller High Life
Penley Cabernet Sauvignon Coonawarra Phoenix,Bloody Brain,St Paulis Girl
PlumpJack Syrah Napa Valley,White Russian ,Grolsch
Innocent Bystander Pinot Noir Yarra Valley,Captin Morgan Coke,Becks
Mason Sauvignon Blanc Napa Valley Yount Mill Vineyard,Red Bull Vodka,Mamas Little YellaPils
Purple Hands Pinot Noir Dundee Hills Latchkey Vineyard,Tom Colins,Blue Moon
Greywacke Pinot Noir Marlborough,Greyhound,Fat Tire
The Calling Chardonnay Russian River Valley Dutton Ranch,Amaretto Sour ,Sclittz
Lingua Franca Pinot Noir Eola-Amity Hills Tongue 'N Cheek,Mint Julep,Rolling Rock
Résonance Pinot Noir Willamette Valley,Hot Toddy,Red Stripe
Oberon Merlot Napa Valley,Hurricane,Lone Star
Dutton-Goldfield Pinot Noir Russian River Valley Dutton Ranch,Pina Colada,90 Schilling
Pali Wine Co. Pinot Noir Sonoma Coast Riviera,Margarita Rocks with Salt,90 Minute IPA
Lancaster Cabernet Sauvignon Alexander Valley,Blended Margarita ,Liquid Truth Serum
Daou Cabernet Sauvignon Adelaida District Estate,Bloody Mary,Dogfiish Head Pumkin Ale
Concha y Toro Cabernet Sauvignon Puente Alto Don Melchor,Whiskey Sour ,Epic  Sour Apple Saison
Revana Cabernet Sauvignon Napa Valley,Jameson Shot,Epic Imperial IPA
Selbach-Oster Riesling Kabinett Halbtrocken Mosel Zeltinger Himmelreich,Sangria,Fosters
Robert Weil Riesling Qualitätswein Trocken Rheingau Kiedricher Gräfenberg GG,Manhattan,Molson Canadian
Gini Soave Classico,Gin and Tonic ,Woodchuck Cider
Château de St.-Cosme Gigondas,Long Island,Angry Orchard
J.-A. Ferret Pouilly-Fuissé,Gimlet,Corona
Cakebread Caberet,Zombie,Tecate 
Cristal,Sazerac ,Yeti Imperial Stout
